{
    "display": {
        "gui": {
            "rotation": [ 30, 225, 0 ],
            "translation": [ 0, 3, 0],
            "scale":[ 1, 1, 1 ]
        },
        "ground": {
            "rotation": [ 0, 0, 0 ],
            "translation": [ 0, 3, 0],
            "scale":[ 0.5, 0.5, 0.5 ]
        },
        "fixed": {
            "rotation": [ 0, 0, 0 ],
            "translation": [ 0, 0, 0],
            "scale":[ 10, 10, 10 ]
        },
        "thirdperson_righthand": {
            "rotation": [ 75, 90, 0 ],
            "translation": [ 0, 2.5, 0],
            "scale": [ 0.75, 0.75, 0.75 ]
        },
        "firstperson_righthand": {
            "rotation": [ 0, 135, 0 ],
            "translation": [ 0, 0, 0 ],
            "scale": [ 1, 1, 1 ]
        },
        "firstperson_lefthand": {
            "rotation": [ 0, 135, 0 ],
            "translation": [ 0, 0, 0 ],
            "scale": [ 1, 1, 1 ]
        }
    },
    "textures": {
        "0": "models/cooking_pot",
        "1": "models/cooking_pot_bottom"
    },
    "elements": [
        {
            "name": "Cube",
            "from": [ 6.8, 0.0, 2.0 ], 
            "to": [ 9.2, 8.0, 2.5000000059604646 ], 
            "faces": {
                "north": { "texture": "#0", "uv": [ 8.0, 5.0, 10.4, 13.0 ] },
                "east": { "texture": "#0", "uv": [ 0.0, 0.0, 0.5000000059604646, 8.0 ] },
                "south": { "texture": "#0", "uv": [ 9.0, 3.0, 11.4, 11.0 ] },
                "west": { "texture": "#0", "uv": [ 0.0, 0.0, 0.5000000059604646, 8.0 ] },
                "up": { "texture": "#0", "uv": [ 0.0, 0.0, 2.4, 0.5000000059604646 ] },
                "down": { "texture": "#0", "uv": [ 0.0, 0.0, 2.4, 0.5000000059604646 ] }
            }
        },
        {
            "name": "Cube",
            "from": [ 6.8, 0.0, 13.50000000745058 ], 
            "to": [ 9.2, 8.0, 14.000000013411045 ], 
            "faces": {
                "north": { "texture": "#0", "uv": [ 8.0, 1.0, 10.4, 9.0 ] },
                "east": { "texture": "#0", "uv": [ 0.0, 0.0, 0.5000000059604646, 8.0 ] },
                "south": { "texture": "#0", "uv": [ 2.0, 6.0, 4.4, 14.0 ] },
                "west": { "texture": "#0", "uv": [ 0.0, 0.0, 0.5000000059604646, 8.0 ] },
                "up": { "texture": "#0", "uv": [ 0.0, 0.0, 2.4, 0.5000000059604646 ] },
                "down": { "texture": "#0", "uv": [ 0.0, 0.0, 2.4, 0.5000000059604646 ] }
            }
        },
        {
            "name": "Cube",
            "from": [ 2.000000002980232, 0.0, 6.8 ], 
            "to": [ 2.500000002980232, 8.0, 9.199999998509885 ], 
            "faces": {
                "north": { "texture": "#0", "uv": [ 0.0, 0.0, 0.5, 8.0 ] },
                "east": { "texture": "#0", "uv": [ 9.0, 0.0, 11.399999998509884, 8.0 ] },
                "south": { "texture": "#0", "uv": [ 0.0, 0.0, 0.5, 8.0 ] },
                "west": { "texture": "#0", "uv": [ 5.0, 7.0, 7.399999998509884, 15.0 ] },
                "up": { "texture": "#0", "uv": [ 0.0, 0.0, 0.5, 2.399999998509884 ] },
                "down": { "texture": "#0", "uv": [ 0.0, 0.0, 0.5, 2.399999998509884 ] }
            }
        },
        {
            "name": "Cube",
            "from": [ 13.499999995529652, 0.0, 6.8 ], 
            "to": [ 13.999999995529652, 8.0, 9.199999998509885 ], 
            "faces": {
                "north": { "texture": "#0", "uv": [ 0.0, 0.0, 0.5, 8.0 ] },
                "east": { "texture": "#0", "uv": [ 5.0, 6.0, 7.399999998509884, 14.0 ] },
                "south": { "texture": "#0", "uv": [ 0.0, 0.0, 0.5, 8.0 ] },
                "west": { "texture": "#0", "uv": [ 4.0, 8.0, 6.399999998509884, 16.0 ] },
                "up": { "texture": "#0", "uv": [ 0.0, 0.0, 0.5, 2.399999998509884 ] },
                "down": { "texture": "#0", "uv": [ 0.0, 0.0, 0.5, 2.399999998509884 ] }
            }
        },
        {
            "name": "Cube",
            "from": [ 6.8, 0.0, 2.0 ], 
            "to": [ 9.2, 8.0, 2.5000000059604646 ], 
            "rotation": { "origin": [ 8.0, 0.0, 8.0 ], "axis": "y", "angle": 22.5 },
            "faces": {
                "north": { "texture": "#0", "uv": [ 2.0, 6.0, 4.4, 14.0 ] },
                "east": { "texture": "#0", "uv": [ 0.0, 0.0, 0.5000000059604646, 8.0 ] },
                "south": { "texture": "#0", "uv": [ 9.0, 2.0, 11.4, 10.0 ] },
                "west": { "texture": "#0", "uv": [ 0.0, 0.0, 0.5000000059604646, 8.0 ] },
                "up": { "texture": "#0", "uv": [ 0.0, 0.0, 2.4, 0.5000000059604646 ] },
                "down": { "texture": "#0", "uv": [ 0.0, 0.0, 2.4, 0.5000000059604646 ] }
            }
        },
        {
            "name": "Cube",
            "from": [ 6.8, 0.0, 2.0 ], 
            "to": [ 9.2, 8.0, 2.5000000059604646 ], 
            "rotation": { "origin": [ 8.0, 0.0, 8.0 ], "axis": "y", "angle": 45.0 },
            "faces": {
                "north": { "texture": "#0", "uv": [ 10.0, 0.0, 12.4, 8.0 ] },
                "east": { "texture": "#0", "uv": [ 0.0, 0.0, 0.5000000059604646, 8.0 ] },
                "south": { "texture": "#0", "uv": [ 3.0, 3.0, 5.4, 11.0 ] },
                "west": { "texture": "#0", "uv": [ 0.0, 0.0, 0.5000000059604646, 8.0 ] },
                "up": { "texture": "#0", "uv": [ 0.0, 0.0, 2.4, 0.5000000059604646 ] },
                "down": { "texture": "#0", "uv": [ 0.0, 0.0, 2.4, 0.5000000059604646 ] }
            }
        },
        {
            "name": "Cube",
            "from": [ 6.8, 0.0, 2.0 ], 
            "to": [ 9.2, 8.0, 2.5000000059604646 ], 
            "rotation": { "origin": [ 8.0, 0.0, 8.0 ], "axis": "y", "angle": -22.5 },
            "faces": {
                "north": { "texture": "#0", "uv": [ 2.0, 8.0, 4.4, 16.0 ] },
                "east": { "texture": "#0", "uv": [ 0.0, 0.0, 0.5000000059604646, 8.0 ] },
                "south": { "texture": "#0", "uv": [ 6.0, 0.0, 8.4, 8.0 ] },
                "west": { "texture": "#0", "uv": [ 0.0, 0.0, 0.5000000059604646, 8.0 ] },
                "up": { "texture": "#0", "uv": [ 0.0, 0.0, 2.4, 0.5000000059604646 ] },
                "down": { "texture": "#0", "uv": [ 0.0, 0.0, 2.4, 0.5000000059604646 ] }
            }
        },
        {
            "name": "Cube",
            "from": [ 6.8, 0.0, 2.0 ], 
            "to": [ 9.2, 8.0, 2.5000000059604646 ], 
            "rotation": { "origin": [ 8.0, 0.0, 8.0 ], "axis": "y", "angle": -45.0 },
            "faces": {
                "north": { "texture": "#0", "uv": [ 12.0, 2.0, 14.4, 10.0 ] },
                "east": { "texture": "#0", "uv": [ 0.0, 0.0, 0.5000000059604646, 8.0 ] },
                "south": { "texture": "#0", "uv": [ 4.0, 5.0, 6.4, 13.0 ] },
                "west": { "texture": "#0", "uv": [ 0.0, 0.0, 0.5000000059604646, 8.0 ] },
                "up": { "texture": "#0", "uv": [ 0.0, 0.0, 2.4, 0.5000000059604646 ] },
                "down": { "texture": "#0", "uv": [ 0.0, 0.0, 2.4, 0.5000000059604646 ] }
            }
        },
        {
            "name": "Cube",
            "from": [ 6.8, 0.0, 13.50000000745058 ], 
            "to": [ 9.2, 8.0, 14.000000013411045 ], 
            "rotation": { "origin": [ 8.0, 0.0, 8.0 ], "axis": "y", "angle": 22.5 },
            "faces": {
                "north": { "texture": "#0", "uv": [ 6.0, 5.0, 8.4, 13.0 ] },
                "east": { "texture": "#0", "uv": [ 0.0, 0.0, 0.5000000059604646, 8.0 ] },
                "south": { "texture": "#0", "uv": [ 8.0, 1.0, 10.4, 9.0 ] },
                "west": { "texture": "#0", "uv": [ 0.0, 0.0, 0.5000000059604646, 8.0 ] },
                "up": { "texture": "#0", "uv": [ 0.0, 0.0, 2.4, 0.5000000059604646 ] },
                "down": { "texture": "#0", "uv": [ 0.0, 0.0, 2.4, 0.5000000059604646 ] }
            }
        },
        {
            "name": "Cube",
            "from": [ 6.8, 0.0, 13.50000000745058 ], 
            "to": [ 9.2, 8.0, 14.000000013411045 ], 
            "rotation": { "origin": [ 8.0, 0.0, 8.0 ], "axis": "y", "angle": 45.0 },