{
    "textures": {
        "0": "guns/wood",
        "1": "guns/plaincolors"
    },
    "display": {
        "thirdperson_righthand": {
            "rotation": [0,90,0],
            "translation": [ 0, 2.5, 1],
            "scale":[ 1, 1, 1]
        },
        "thirdperson_lefthand": {
            "rotation": [0,-90,0],
            "translation": [ 0, 2.5, 1],
            "scale":[ 1, 1, 1]
        },
        "firstperson_righthand": {
            "rotation": [0,90,10],
            "translation": [0,3,0],
            "scale": [0.7,0.7,0.7]
        },
        "firstperson_lefthand": {
            "rotation": [0,-90,10],
            "translation": [0,3,0],
            "scale": [0.7,0.7,0.7]
        },
        "gui": {
		 "rotation": [0,180,45],
            "translation": [-1,-2,0],
            "scale": [1,1,1]
        },
        "ground": {
		 "rotation": [90,0,90],
            "translation": [0,-6,0],
            "scale": [1,1,1]
        },
        "head": {
            "rotation": [ 0, 180, 0 ],
            "translation": [ 0, 16, 7],
            "scale":[ 1.5, 1.5, 1.5 ]
        },
        "fixed": {
		"rotation": [0,0,90],
            "translation": [1,-2,-14],
            "scale": [1.25,1.25,1.25]
    }
},
    "elements": [
        {
            "name": "handle1",
            "from": [ 7.300000004470348, 0.800000011920929, 7.4000000059604645 ], 
            "to": [ 8.300000004470348, 5.810000011920929, 8.600000005960464 ], 
            "faces": {
                "north": { "texture": "#0", "uv": [ 13.1, 1.0999999999999996, 14.1, 6.109999999999999 ] },
                "south": { "texture": "#0", "uv": [ 13.1, 1.1, 14.1, 6.109999999999999 ] },
                "up": { "texture": "#0", "uv": [ 14.1, 1.1, 15.1, 2.3 ] },
                "down": { "texture": "#0", "uv": [ 7.1, 3.1, 7.900000008940696, 3.900000002980232 ] }
            }
        },
        {
            "name": "handle2",
            "from": [ 7.0, 0.79, 7.7 ], 
            "to": [ 8.600999999999999, 5.791, 8.3 ], 
            "faces": {
                "north": { "texture": "#0", "uv": [ 13.1, 2.0999999999999996, 14.700999999999999, 7.101 ] },
                "east": { "texture": "#0", "uv": [ 13.1, 1.1, 13.7, 6.101000000000001 ] },
                "south": { "texture": "#0", "uv": [ 13.1, 1.1, 14.700999999999999, 6.101000000000001 ] },
                "west": { "texture": "#0", "uv": [ 13.1, 1.1, 13.7, 6.101000000000001 ] },
                "up": { "texture": "#0", "uv": [ 13.1, 1.1, 14.700999999999999, 1.7000000000000002 ] },
                "down": { "texture": "#0", "uv": [ 12.1, 1.1, 13.700999999999999, 1.7000000000000002 ] }
            }
        },
        {
            "name": "handle3",
            "from": [ 7.300000004470348, -0.001, 7.4 ], 
            "to": [ 8.700000010430813, 0.801, 8.6 ], 
            "faces": {
                "north": { "texture": "#0", "uv": [ 12.1, 5.1, 13.500000005960464, 5.901999999999999 ] },
                "south": { "texture": "#0", "uv": [ 11.1, 6.1, 12.500000005960464, 6.901999999999999 ] },
                "up": { "texture": "#0", "uv": [ 10.1, 4.1, 11.500000005960464, 5.3 ] },
                "down": { "texture": "#0", "uv": [ 0.1, 0.1, 1.5000000059604646, 1.3 ] }
            }
        },
        {
            "name": "handle4",
            "from": [ 7.0, -0.01, 7.7 ], 
            "to": [ 9.000000014901161, 0.7901, 8.3 ], 
            "faces": {
                "north": { "texture": "#0", "uv": [ 10.1, 1.0999999999999996, 12.10000001490116, 1.9000999999999997 ] },
                "east": { "texture": "#0", "uv": [ 9.1, 3.0999999999999996, 9.7, 3.9000999999999997 ] },
                "south": { "texture": "#0", "uv": [ 10.1, 2.1, 12.10000001490116, 2.9001 ] },
                "west": { "texture": "#0", "uv": [ 13.1, 7.1, 13.7, 7.9001 ] },
                "up": { "texture": "#0", "uv": [ 9.1, 3.0999999999999996, 11.10000001490116, 3.6999999999999997 ] },
                "down": { "texture": "#0", "uv": [ 12.1, 3.1, 14.10000001490116, 3.7 ] }
            }
        },
        {
            "name": "handle5",
            "from": [ 7.0, 0.0, 7.700000010430813 ], 
            "to": [ 7.424, 5.799999997019768, 8.000000014901161 ], 
            "rotation": { "origin": [ 6.999999985098839, 2.0, 7.699999995529652 ], "axis": "y", "angle": 45.0 },
            "faces": {
                "north": { "texture": "#0", "uv": [ 14.1, 1.1, 14.524000000000001, 6.899999997019767 ] },
                "up": { "texture": "#0", "uv": [ 14.1, 1.0999999999999996, 14.524000000000001, 1.400000004470348 ] },
                "down": { "texture": "#0", "uv": [ 14.1, 1.0999999999999996, 14.524000000000001, 1.400000004470348 ] }
            }
        },
        {
            "name": "handle6",
            "from": [ 7.0, 0.0, 8.000000014901161 ], 
            "to": [ 7.424, 5.799999997019768, 8.30000001937151 ], 
            "rotation": { "origin": [ 6.999999985098839, 2.0, 8.299999989569187 ], "axis": "y", "angle": -45.0 },
            "faces": {
                "south": { "texture": "#0", "uv": [ 13.1, 1.1, 13.524000000000001, 6.899999997019767 ] },
                "up": { "texture": "#0", "uv": [ 13.1, 1.1, 13.524000000000001, 1.4000000044703484 ] },
                "down": { "texture": "#0", "uv": [ 13.1, 6.1, 13.524000000000001, 6.400000004470348 ] }
            }
        },
        {
            "name": "handle7",
            "from": [ 8.699999995529652, 0.0, 7.4000000059604645 ], 
            "to": [ 9.123999995529651, 0.7999999970197678, 7.700000010430813 ], 
            "rotation": { "origin": [ 8.699999995529652, 2.0, 7.399999991059303 ], "axis": "y", "angle": -45.0 },
            "faces": {
                "north": { "texture": "#0", "uv": [ 12.1, 5.1, 12.524, 5.899999997019767 ] },
                "west": { "texture": "#1", "uv": [ 0.1, 0.1, 0.9000000029802321, 0.9 ] },
                "up": { "texture": "#0", "uv": [ 13.1, 2.1, 13.524, 2.4000000044703484 ] },
                "down": { "texture": "#0", "uv": [ 14.1, 1.1, 14.524, 1.4000000044703484 ] }
            }
        },
        {
            "name": "handle8",
            "from": [ 8.699999995529652, 0.0, 8.300000004470348 ], 
            "to": [ 9.123999995529651, 0.7999999970197678, 8.600000008940697 ], 
            "rotation": { "origin": [ 8.699999995529652, 2.0, 8.599999994039536 ], "axis": "y", "angle": 45.0 },
            "faces": {
                "south": { "texture": "#0", "uv": [ 14.1, 4.1, 14.524, 4.899999997019767 ] },
                "up": { "texture": "#0", "uv": [ 13.1, 2.1, 13.524, 2.4000000044703484 ] },
                "down": { "texture": "#0", "uv": [ 12.1, 3.1, 12.524, 3.4000000044703484 ] }
            }
        },
        {
            "name": "handle9",
            "from": [ 8.299999989569187, 0.800000011920929, 7.4000000059604645 ], 
            "to": [ 8.723999989569187, 5.800000011920929, 7.700000010430813 ], 
            "rotation": { "origin": [ 8.299999989569187, 2.0, 7.399999991059303 ], "axis": "y", "angle": -45.0 },
            "faces": {
                "north": { "texture": "#0", "uv": [ 14.1, 1.1, 14.524, 6.1 ] },
                "up": { "texture": "#0", "uv": [ 11.1, 1.1, 11.524, 1.4000000044703484 ] }
            }
        },
        {
            "name": "handle10",
            "from": [ 8.299999989569187, 0.800000011920929, 8.300000004470348 ], 
            "to": [ 8.723999989569187, 5.800000011920929, 8.600000008940697 ], 
            "rotation": { "origin": [ 8.299999989569187, 2.0, 8.599999994039536 ], "axis": "y", "angle": 45.0 },
            "faces": {
                "south": { "texture": "#0", "uv": [ 13.1, 1.1, 13.524, 6.1 ] },
                "up": { "texture": "#0", "uv": [ 13.1, 1.1, 13.524, 1.4000000044703484 ] }
            }
        },
        {
            "name": "blade1",
            "from": [ 7.0, 5.80000002682209, 7.900000013411045 ], 
            "to": [ 9.400000005960464, 12.800000041723251, 8.100000016391277 ],